condition,human,claude-2-0-shot,claude-2-0-shot-cot,gpt-4-0613-0-shot,gpt-4-0613-0-shot-cot
means_evitable_prevention_no_permissibility,"(3.0253807106598987, 0.0964297468998171)","(2.7, 0.10295630140987)","(2.98, 0.12486793023030372)","(3.0, 0.04898979485566356)","(2.96, 0.06905070600652827)"
