condition,human,claude-2-0-shot,claude-2-0-shot-cot,gpt-4-0613-0-shot,gpt-4-0613-0-shot-cot
means_evitable_action_yes_intention,"(3.0980392156862746, 0.09327121631317088)","(2.02, 0.044631827208842796)","(2.16, 0.09533100230250388)","(2.54, 0.13026127590347025)","(3.28, 0.20599029103333974)"
