condition,human,claude-2-0-shot,claude-2-0-shot-cot,gpt-4-0613-0-shot,gpt-4-0613-0-shot-cot
means_evitable_action_yes_permissibility,"(3.0392156862745097, 0.09322574157134599)","(2.66, 0.10043903623591774)","(3.04, 0.12949131244990916)","(3.08, 0.06835202996254025)","(3.1, 0.09055385138137417)"
