condition,human,claude-2-0-shot,claude-2-0-shot-cot,gpt-4-0613-0-shot,gpt-4-0613-0-shot-cot
means_inevitable_prevention_no_permissibility,"(3.03, 0.08913753418173513)","(2.9, 0.058309518948453)","(3.4, 0.09380831519646858)","(2.96, 0.07979974937304)","(3.08, 0.09312357381458253)"
