condition,human,claude-2-0-shot,claude-2-0-shot-cot,gpt-4-0613-0-shot,gpt-4-0613-0-shot-cot
means_inevitable_action_yes_permissibility,"(3.155, 0.0880617680949003)","(2.82, 0.08804544281222056)","(3.68, 0.08690224392960172)","(3.1, 0.0648074069840786)","(3.18, 0.10075713374247998)"
