condition,human,claude-2-0-shot,claude-2-0-shot-cot,gpt-4-0613-0-shot,gpt-4-0613-0-shot-cot
means_evitable_prevention_no_intention,"(3.030456852791878, 0.0932985062727515)","(2.0, 0.0)","(2.06, 0.043908996800200294)","(2.16, 0.0767333043730035)","(3.18, 0.151499174915245)"
