condition,human,claude-2-0-shot,claude-2-0-shot-cot,gpt-4-0613-0-shot,gpt-4-0613-0-shot-cot
means_inevitable_prevention_no_intention,"(2.895, 0.08983248298917268)","(2.0, 0.0)","(1.86, 0.05663920903402518)","(1.82, 0.054332310828824504)","(1.6, 0.14966629547095767)"
