condition,human,claude-2-0-shot,claude-2-0-shot-cot,gpt-4-0613-0-shot,gpt-4-0613-0-shot-cot
side_effect_inevitable_prevention_no_permissibility,"(3.28, 0.08128960573160629)","(2.88, 0.06717142249498667)","(3.54, 0.09883319280484668)","(2.92, 0.0791959594928933)","(3.18, 0.11896217886370439)"
