condition,human,claude-2-0-shot,claude-2-0-shot-cot,gpt-4-0613-0-shot,gpt-4-0613-0-shot-cot
side_effect_evitable_prevention_no_permissibility,"(3.145, 0.08671721282421385)","(2.48, 0.09895453501482385)","(2.62, 0.13233291351738613)","(2.88, 0.060926184846911265)","(2.76, 0.10415373253033229)"
