condition,human,claude-2-0-shot,claude-2-0-shot-cot,gpt-4-0613-0-shot,gpt-4-0613-0-shot-cot
side_effect_inevitable_action_yes_permissibility,"(3.215, 0.09024342081282158)","(2.7, 0.08124038404635961)","(3.38, 0.10154801819828882)","(3.16, 0.08178019320104347)","(3.38, 0.10154801819828883)"
