condition,human,claude-2-0-shot,claude-2-0-shot-cot,gpt-4-0613-0-shot,gpt-4-0613-0-shot-cot
side_effect_inevitable_action_yes_intention,"(2.575, 0.07919517030728578)","(1.98, 0.019798989873223326)","(1.74, 0.06817624219623725)","(1.26, 0.06203224967708329)","(1.42, 0.13591173606425605)"
