condition,human,claude-2-0-shot,claude-2-0-shot-cot,gpt-4-0613-0-shot,gpt-4-0613-0-shot-cot
side_effect_evitable_action_yes_intention,"(2.763819095477387, 0.08194183435680498)","(2.0, 0.0)","(1.8, 0.08485281374238571)","(1.32, 0.06596969000988256)","(1.62, 0.15720050890502868)"
