condition,human,claude-2-0-shot,claude-2-0-shot-cot,gpt-4-0613-0-shot,gpt-4-0613-0-shot-cot
side_effect_evitable_action_yes_permissibility,"(3.0351758793969847, 0.08685675900317878)","(2.62, 0.08433267456923206)","(2.68, 0.11468216949465163)","(2.94, 0.0657875368135941)","(2.92, 0.0791959594928933)"
